{
 "market_leaning": {
  "Mexico": 0.0084744499389522,
  "South Africa": 0.0,
  "South Korea": 0.0018832110975449332,
  "Czech Republic": 0.001464719742534948,
  "Canada": 0.002301702452554918,
  "Bosnia and Herzegovina": 0.0,
  "Qatar": 0.0,
  "Switzerland": 0.019773716524221798,
  "Brazil": 0.034316291110818783,
  "Morocco": 0.008579072777704696,
  "Haiti": 0.0,
  "Scotland": 0.0017785882587924367,
  "United States": 0.0004184913550099851,
  "Paraguay": 0.0044987820663573395,
  "Australia": 0.0013600969037824515,
  "Turkey": 0.01182238077903208,
  "Germany": 0.043836969437295946,
  "Curaçao": 0.0,
  "Ivory Coast": 0.0005231141937624814,
  "Ecuador": 0.027934297946916507,
  "Netherlands": 0.0253187269781041,
  "Japan": 0.012973232005309537,
  "Sweden": 0.0004184913550099851,
  "Tunisia": 0.00010462283875249628,
  "Belgium": 0.019773716524221798,
  "Egypt": 0.0004184913550099851,
  "Iran": 0.0018832110975449332,
  "New Zealand": 0.0,
  "Spain": 0.1974619576084783,
  "Cape Verde": 0.0,
  "Saudi Arabia": 0.0,
  "Uruguay": 0.011927003617784577,
  "France": 0.14231298740251952,
  "Senegal": 0.008579072777704696,
  "Iraq": 0.0,
  "Norway": 0.027725052269411514,
  "Argentina": 0.10893017396520696,
  "Algeria": 0.0020924567750499256,
  "Austria": 0.005126519098872318,
  "Jordan": 0.0,
  "Portugal": 0.08594503099380124,
  "DR Congo": 0.0,
  "Uzbekistan": 0.0003138685162574888,
  "Colombia": 0.0677955995116176,
  "England": 0.09226480703859229,
  "Croatia": 0.019564470846716805,
  "Ghana": 0.0,
  "Panama": 0.00010462283875249628
 },
 "even": {
  "Mexico": 0.008387664643179048,
  "South Africa": 0.0,
  "South Korea": 0.001863925476262011,
  "Czech Republic": 0.0014497198148704527,
  "Canada": 0.0022781311376535687,
  "Bosnia and Herzegovina": 0.0,
  "Qatar": 0.0,
  "Switzerland": 0.019571217500751113,
  "Brazil": 0.03396486423410776,
  "Morocco": 0.00849121605852694,
  "Haiti": 0.0,
  "Scotland": 0.0017603740609141213,
  "United States": 0.00041420566139155796,
  "Paraguay": 0.004452710859959247,
  "Australia": 0.0013461683995225633,
  "Turkey": 0.011701309934311512,
  "Germany": 0.0433880430307657,
  "Curaçao": 0.0,
  "Ivory Coast": 0.0005177570767394475,
  "Ecuador": 0.027648227897886492,
  "Netherlands": 0.025059442514189255,
  "Japan": 0.012840375503138296,
  "Sweden": 0.00041420566139155796,
  "Tunisia": 0.00010355141534788949,
  "Belgium": 0.019571217500751113,
  "Egypt": 0.00041420566139155796,
  "Iran": 0.001863925476262011,
  "New Zealand": 0.0,
  "Spain": 0.211374225154969,
  "Cape Verde": 0.0,
  "Saudi Arabia": 0.0,
  "Uruguay": 0.011804861349659402,
  "France": 0.13258998200359928,
  "Senegal": 0.00849121605852694,
  "Iraq": 0.0,
  "Norway": 0.02744112506719071,
  "Argentina": 0.11618596280743851,
  "Algeria": 0.00207102830695779,
  "Austria": 0.005074019352046585,
  "Jordan": 0.0,
  "Portugal": 0.08249290141971605,
  "DR Congo": 0.0,
  "Uzbekistan": 0.00031065424604366846,
  "Colombia": 0.06710131714543238,
  "England": 0.08809258148370326,
  "Croatia": 0.019364114670055332,
  "Ghana": 0.0,
  "Panama": 0.00010355141534788949
 },
 "field": {
  "Mexico": 0.05217391304347826,
  "South Africa": 0.005217391304347826,
  "South Korea": 0.005217391304347826,
  "Czech Republic": 0.005217391304347826,
  "Canada": 0.005217391304347826,
  "Bosnia and Herzegovina": 0.005217391304347826,
  "Qatar": 0.005217391304347826,
  "Switzerland": 0.005217391304347826,
  "Brazil": 0.13043478260869565,
  "Morocco": 0.005217391304347826,
  "Haiti": 0.005217391304347826,
  "Scotland": 0.005217391304347826,
  "United States": 0.034782608695652174,
  "Paraguay": 0.005217391304347826,
  "Australia": 0.005217391304347826,
  "Turkey": 0.005217391304347826,
  "Germany": 0.043478260869565216,
  "Curaçao": 0.005217391304347826,
  "Ivory Coast": 0.005217391304347826,
  "Ecuador": 0.02608695652173913,
  "Netherlands": 0.02608695652173913,
  "Japan": 0.005217391304347826,
  "Sweden": 0.005217391304347826,
  "Tunisia": 0.005217391304347826,
  "Belgium": 0.005217391304347826,
  "Egypt": 0.005217391304347826,
  "Iran": 0.005217391304347826,
  "New Zealand": 0.005217391304347826,
  "Spain": 0.0782608695652174,
  "Cape Verde": 0.005217391304347826,
  "Saudi Arabia": 0.005217391304347826,
  "Uruguay": 0.034782608695652174,
  "France": 0.0782608695652174,
  "Senegal": 0.005217391304347826,
  "Iraq": 0.005217391304347826,
  "Norway": 0.005217391304347826,
  "Argentina": 0.1391304347826087,
  "Algeria": 0.005217391304347826,
  "Austria": 0.005217391304347826,
  "Jordan": 0.005217391304347826,
  "Portugal": 0.05217391304347826,
  "DR Congo": 0.005217391304347826,
  "Uzbekistan": 0.005217391304347826,
  "Colombia": 0.06086956521739131,
  "England": 0.06086956521739131,
  "Croatia": 0.005217391304347826,
  "Ghana": 0.005217391304347826,
  "Panama": 0.005217391304347826
 },
 "market_full": {
  "Mexico": 0.008676948962422883,
  "South Africa": 0.0,
  "South Korea": 0.0019282108805384187,
  "Czech Republic": 0.0014997195737521034,
  "Canada": 0.002356702187324734,
  "Bosnia and Herzegovina": 0.0,
  "Qatar": 0.0,
  "Switzerland": 0.020246214245653395,
  "Brazil": 0.035136287156477854,
  "Morocco": 0.008784071789119463,
  "Haiti": 0.0,
  "Scotland": 0.0018210880538418396,
  "United States": 0.00042849130678631524,
  "Paraguay": 0.004606281547952888,
  "Australia": 0.0013925967470555245,
  "Turkey": 0.012104879416713406,
  "Germany": 0.044884464385866525,
  "Curaçao": 0.0,
  "Ivory Coast": 0.000535614133482894,
  "Ecuador": 0.028601794727986542,
  "Netherlands": 0.025923724060572074,
  "Japan": 0.013283230510375771,
  "Sweden": 0.00042849130678631524,
  "Tunisia": 0.00010712282669657881,
  "Belgium": 0.020246214245653395,
  "Egypt": 0.00042849130678631524,
  "Iran": 0.0019282108805384187,
  "New Zealand": 0.0,
  "Spain": 0.165,
  "Cape Verde": 0.0,
  "Saudi Arabia": 0.0,
  "Uruguay": 0.012212002243409984,
  "France": 0.165,
  "Senegal": 0.008784071789119463,
  "Iraq": 0.0,
  "Norway": 0.02838754907459338,
  "Argentina": 0.092,
  "Algeria": 0.002142456533931576,
  "Austria": 0.005249018508132362,
  "Jordan": 0.0,
  "Portugal": 0.094,
  "DR Congo": 0.0,
  "Uzbekistan": 0.0003213684800897364,
  "Colombia": 0.06941559169938306,
  "England": 0.102,
  "Croatia": 0.020031968592260238,
  "Ghana": 0.0,
  "Panama": 0.00010712282669657881
 },
 "sim_ch": {
  "Mexico": 0.008098380323935212,
  "South Africa": 0.0,
  "South Korea": 0.001799640071985603,
  "Czech Republic": 0.0013997200559888023,
  "Canada": 0.0021995600879824036,
  "Bosnia and Herzegovina": 0.0,
  "Qatar": 0.0,
  "Switzerland": 0.01889622075584883,
  "Brazil": 0.032793441311737656,
  "Morocco": 0.008198360327934414,
  "Haiti": 0.0,
  "Scotland": 0.0016996600679864027,
  "United States": 0.0003999200159968007,
  "Paraguay": 0.004299140171965607,
  "Australia": 0.001299740051989602,
  "Turkey": 0.011297740451909618,
  "Germany": 0.04189162167566487,
  "Curaçao": 0.0,
  "Ivory Coast": 0.0004999000199960008,
  "Ecuador": 0.026694661067786445,
  "Netherlands": 0.02419516096780644,
  "Japan": 0.012397520495900819,
  "Sweden": 0.0003999200159968007,
  "Tunisia": 9.998000399920017e-05,
  "Belgium": 0.01889622075584883,
  "Egypt": 0.0003999200159968007,
  "Iran": 0.001799640071985603,
  "New Zealand": 0.0,
  "Spain": 0.257748450309938,
  "Cape Verde": 0.0,
  "Saudi Arabia": 0.0,
  "Uruguay": 0.01139772045590882,
  "France": 0.10017996400719856,
  "Senegal": 0.008198360327934414,
  "Iraq": 0.0,
  "Norway": 0.02649470105978804,
  "Argentina": 0.14037192561487702,
  "Algeria": 0.001999600079984003,
  "Austria": 0.004899020195960808,
  "Jordan": 0.0,
  "Portugal": 0.07098580283943211,
  "DR Congo": 0.0,
  "Uzbekistan": 0.00029994001199760045,
  "Colombia": 0.0647870425914817,
  "England": 0.07418516296740653,
  "Croatia": 0.01869626074785043,
  "Ghana": 0.0,
  "Panama": 9.998000399920017e-05
 }
}