{
 "market_leaning": {
  "Mexico": 0.007532036931004868,
  "South Africa": 0.0,
  "South Korea": 0.001591275407958775,
  "Czech Republic": 0.0012730203263670197,
  "Canada": 0.0023338705983395364,
  "Bosnia and Herzegovina": 0.0,
  "Qatar": 0.0,
  "Switzerland": 0.019625730031491553,
  "Brazil": 0.03553848411107931,
  "Morocco": 0.009759822502147152,
  "Haiti": 0.0,
  "Scotland": 0.002121700543945033,
  "United States": 0.0008486802175780131,
  "Paraguay": 0.004137316060692814,
  "Australia": 0.0013791053535642714,
  "Turkey": 0.013154543372459204,
  "Germany": 0.03925146006298311,
  "Curaçao": 0.0,
  "Ivory Coast": 0.0006365101631835099,
  "Ecuador": 0.02450564128256513,
  "Netherlands": 0.029703807615230463,
  "Japan": 0.013366713426853707,
  "Sweden": 0.0006365101631835099,
  "Tunisia": 0.0,
  "Belgium": 0.02068658030346407,
  "Egypt": 0.00042434010878900655,
  "Iran": 0.0022277855711422844,
  "New Zealand": 0.0,
  "Spain": 0.1965,
  "Cape Verde": 0.0,
  "Saudi Arabia": 0.0,
  "Uruguay": 0.01400322359003722,
  "France": 0.143825,
  "Senegal": 0.008698972230174636,
  "Iraq": 0.0,
  "Norway": 0.026839511880904672,
  "Argentina": 0.11034,
  "Algeria": 0.0014851903807615232,
  "Austria": 0.004879911251073576,
  "Jordan": 0.00010608502719725164,
  "Portugal": 0.08581,
  "DR Congo": 0.0,
  "Uzbekistan": 0.00021217005439450328,
  "Colombia": 0.06407535642713999,
  "England": 0.09297,
  "Croatia": 0.019519645004294303,
  "Ghana": 0.0,
  "Panama": 0.0
 },
 "even": {
  "Mexico": 0.0074323361007729745,
  "South Africa": 0.0,
  "South Korea": 0.0015702118522759807,
  "Czech Republic": 0.0012561694818207843,
  "Canada": 0.0023029773833381046,
  "Bosnia and Herzegovina": 0.0,
  "Qatar": 0.0,
  "Switzerland": 0.019365946178070425,
  "Brazil": 0.03506806470083024,
  "Morocco": 0.009630632693959348,
  "Haiti": 0.0,
  "Scotland": 0.0020936158030346406,
  "United States": 0.0008374463212138562,
  "Paraguay": 0.0040825508159175496,
  "Australia": 0.0013608502719725164,
  "Turkey": 0.012980417978814773,
  "Germany": 0.03873189235614085,
  "Curaçao": 0.0,
  "Ivory Coast": 0.0006280847409103922,
  "Ecuador": 0.0241812625250501,
  "Netherlands": 0.02931062124248497,
  "Japan": 0.013189779559118237,
  "Sweden": 0.0006280847409103922,
  "Tunisia": 0.0,
  "Belgium": 0.020412754079587744,
  "Egypt": 0.0004187231606069281,
  "Iran": 0.0021982965931863726,
  "New Zealand": 0.0,
  "Spain": 0.21000000000000002,
  "Cape Verde": 0.0,
  "Saudi Arabia": 0.0,
  "Uruguay": 0.01381786430002863,
  "France": 0.13475,
  "Senegal": 0.008583824792442029,
  "Iraq": 0.0,
  "Norway": 0.026484239908388205,
  "Argentina": 0.1182,
  "Algeria": 0.0014655310621242484,
  "Austria": 0.004815316346979674,
  "Jordan": 0.00010468079015173203,
  "Portugal": 0.0823,
  "DR Congo": 0.0,
  "Uzbekistan": 0.00020936158030346406,
  "Colombia": 0.06322719725164615,
  "England": 0.0891,
  "Croatia": 0.019261265387918697,
  "Ghana": 0.0,
  "Panama": 0.0
 },
 "field": {
  "Mexico": 0.05217391304347826,
  "South Africa": 0.005217391304347826,
  "South Korea": 0.005217391304347826,
  "Czech Republic": 0.005217391304347826,
  "Canada": 0.005217391304347826,
  "Bosnia and Herzegovina": 0.005217391304347826,
  "Qatar": 0.005217391304347826,
  "Switzerland": 0.005217391304347826,
  "Brazil": 0.13043478260869565,
  "Morocco": 0.005217391304347826,
  "Haiti": 0.005217391304347826,
  "Scotland": 0.005217391304347826,
  "United States": 0.034782608695652174,
  "Paraguay": 0.005217391304347826,
  "Australia": 0.005217391304347826,
  "Turkey": 0.005217391304347826,
  "Germany": 0.043478260869565216,
  "Curaçao": 0.005217391304347826,
  "Ivory Coast": 0.005217391304347826,
  "Ecuador": 0.02608695652173913,
  "Netherlands": 0.02608695652173913,
  "Japan": 0.005217391304347826,
  "Sweden": 0.005217391304347826,
  "Tunisia": 0.005217391304347826,
  "Belgium": 0.005217391304347826,
  "Egypt": 0.005217391304347826,
  "Iran": 0.005217391304347826,
  "New Zealand": 0.005217391304347826,
  "Spain": 0.0782608695652174,
  "Cape Verde": 0.005217391304347826,
  "Saudi Arabia": 0.005217391304347826,
  "Uruguay": 0.034782608695652174,
  "France": 0.0782608695652174,
  "Senegal": 0.005217391304347826,
  "Iraq": 0.005217391304347826,
  "Norway": 0.005217391304347826,
  "Argentina": 0.1391304347826087,
  "Algeria": 0.005217391304347826,
  "Austria": 0.005217391304347826,
  "Jordan": 0.005217391304347826,
  "Portugal": 0.05217391304347826,
  "DR Congo": 0.005217391304347826,
  "Uzbekistan": 0.005217391304347826,
  "Colombia": 0.06086956521739131,
  "England": 0.06086956521739131,
  "Croatia": 0.005217391304347826,
  "Ghana": 0.005217391304347826,
  "Panama": 0.005217391304347826
 },
 "market_full": {
  "Mexico": 0.0077646722015459494,
  "South Africa": 0.0,
  "South Korea": 0.0016404237045519613,
  "Czech Republic": 0.0013123389636415688,
  "Canada": 0.0024059547666762096,
  "Bosnia and Herzegovina": 0.0,
  "Qatar": 0.0,
  "Switzerland": 0.02023189235614085,
  "Brazil": 0.036636129401660465,
  "Morocco": 0.010061265387918695,
  "Haiti": 0.0,
  "Scotland": 0.0021872316060692816,
  "United States": 0.0008748926424277125,
  "Paraguay": 0.0042651016318350984,
  "Australia": 0.001421700543945033,
  "Turkey": 0.013560835957629545,
  "Germany": 0.0404637847122817,
  "Curaçao": 0.0,
  "Ivory Coast": 0.0006561694818207844,
  "Ecuador": 0.0252625250501002,
  "Netherlands": 0.030621242484969943,
  "Japan": 0.013779559118236473,
  "Sweden": 0.0006561694818207844,
  "Tunisia": 0.0,
  "Belgium": 0.021325508159175492,
  "Egypt": 0.00043744632121385627,
  "Iran": 0.0022965931863727453,
  "New Zealand": 0.0,
  "Spain": 0.165,
  "Cape Verde": 0.0,
  "Saudi Arabia": 0.0,
  "Uruguay": 0.014435728600057257,
  "France": 0.165,
  "Senegal": 0.008967649584884056,
  "Iraq": 0.0,
  "Norway": 0.027668479816776413,
  "Argentina": 0.092,
  "Algeria": 0.001531062124248497,
  "Austria": 0.005030632693959348,
  "Jordan": 0.00010936158030346407,
  "Portugal": 0.094,
  "DR Congo": 0.0,
  "Uzbekistan": 0.00021872316060692813,
  "Colombia": 0.0660543945032923,
  "England": 0.102,
  "Croatia": 0.02012253077583739,
  "Ghana": 0.0,
  "Panama": 0.0
 },
 "sim_ch": {
  "Mexico": 0.0071,
  "South Africa": 0.0,
  "South Korea": 0.0015,
  "Czech Republic": 0.0012,
  "Canada": 0.0022,
  "Bosnia and Herzegovina": 0.0,
  "Qatar": 0.0,
  "Switzerland": 0.0185,
  "Brazil": 0.0335,
  "Morocco": 0.0092,
  "Haiti": 0.0,
  "Scotland": 0.002,
  "United States": 0.0008,
  "Paraguay": 0.0039,
  "Australia": 0.0013,
  "Turkey": 0.0124,
  "Germany": 0.037,
  "Curaçao": 0.0,
  "Ivory Coast": 0.0006,
  "Ecuador": 0.0231,
  "Netherlands": 0.028,
  "Japan": 0.0126,
  "Sweden": 0.0006,
  "Tunisia": 0.0,
  "Belgium": 0.0195,
  "Egypt": 0.0004,
  "Iran": 0.0021,
  "New Zealand": 0.0,
  "Spain": 0.255,
  "Cape Verde": 0.0,
  "Saudi Arabia": 0.0,
  "Uruguay": 0.0132,
  "France": 0.1045,
  "Senegal": 0.0082,
  "Iraq": 0.0,
  "Norway": 0.0253,
  "Argentina": 0.1444,
  "Algeria": 0.0014,
  "Austria": 0.0046,
  "Jordan": 0.0001,
  "Portugal": 0.0706,
  "DR Congo": 0.0,
  "Uzbekistan": 0.0002,
  "Colombia": 0.0604,
  "England": 0.0762,
  "Croatia": 0.0184,
  "Ghana": 0.0,
  "Panama": 0.0
 }
}