{
 "market_leaning": {
  "Mexico": 0.0150414784922462,
  "South Africa": 0.0,
  "South Korea": 0.0012826066931372732,
  "Czech Republic": 0.0013992073016042977,
  "Canada": 0.0030316158201426453,
  "Bosnia and Herzegovina": 0.0,
  "Qatar": 0.0,
  "Switzerland": 0.017023688836185626,
  "Brazil": 0.026934740555882734,
  "Morocco": 0.004314222513279919,
  "Haiti": 0.0,
  "Scotland": 0.0018656097354723972,
  "United States": 0.00034980182540107443,
  "Paraguay": 0.005946631031818267,
  "Australia": 0.0009328048677361986,
  "Turkey": 0.022154115608734717,
  "Germany": 0.03229836854536587,
  "Curaçao": 0.0,
  "Ivory Coast": 0.00034980182540107443,
  "Ecuador": 0.041276615397326785,
  "Netherlands": 0.02227071621720174,
  "Japan": 0.010960457195900334,
  "Sweden": 0.00034980182540107443,
  "Tunisia": 0.0,
  "Belgium": 0.018422896137789926,
  "Egypt": 0.00011660060846702483,
  "Iran": 0.001982210343939422,
  "New Zealand": 0.0,
  "Spain": 0.2037546504650465,
  "Cape Verde": 0.0,
  "Saudi Arabia": 0.0,
  "Uruguay": 0.012126463280570581,
  "France": 0.15215949094909492,
  "Senegal": 0.010260853545098186,
  "Iraq": 0.0,
  "Norway": 0.025069130820410335,
  "Argentina": 0.11654067406740673,
  "Algeria": 0.0006996036508021489,
  "Austria": 0.004314222513279919,
  "Jordan": 0.0,
  "Portugal": 0.07818170817081709,
  "DR Congo": 0.0,
  "Uzbekistan": 0.00034980182540107443,
  "Colombia": 0.052237072593227116,
  "England": 0.09454782478247824,
  "Croatia": 0.020754908307130417,
  "Ghana": 0.0,
  "Panama": 0.0006996036508021489
 },
 "even": {
  "Mexico": 0.014547588869961593,
  "South Africa": 0.0,
  "South Korea": 0.0012404920741827716,
  "Czech Republic": 0.0013532640809266598,
  "Canada": 0.0029320721753410967,
  "Bosnia and Herzegovina": 0.0,
  "Qatar": 0.0,
  "Switzerland": 0.016464712984607697,
  "Brazil": 0.0260503335578382,
  "Morocco": 0.004172564249523869,
  "Haiti": 0.0,
  "Scotland": 0.0018043521079022132,
  "United States": 0.00033831602023166494,
  "Paraguay": 0.005751372343938306,
  "Australia": 0.0009021760539511066,
  "Turkey": 0.02142668128133878,
  "Germany": 0.031237845868057064,
  "Curaçao": 0.0,
  "Ivory Coast": 0.00033831602023166494,
  "Ecuador": 0.03992129038733647,
  "Netherlands": 0.02153945328808267,
  "Japan": 0.010600568633925504,
  "Sweden": 0.00033831602023166494,
  "Tunisia": 0.0,
  "Belgium": 0.017817977065534358,
  "Egypt": 0.00011277200674388832,
  "Iran": 0.0019171241146461017,
  "New Zealand": 0.0,
  "Spain": 0.22036378637863785,
  "Cape Verde": 0.0,
  "Saudi Arabia": 0.0,
  "Uruguay": 0.011728288701364387,
  "France": 0.14665641564156418,
  "Senegal": 0.009923936593462173,
  "Iraq": 0.0,
  "Norway": 0.02424598144993599,
  "Argentina": 0.12705810581058105,
  "Algeria": 0.0006766320404633299,
  "Austria": 0.004172564249523869,
  "Jordan": 0.0,
  "Portugal": 0.0714024402440244,
  "DR Congo": 0.0,
  "Uzbekistan": 0.00033831602023166494,
  "Colombia": 0.05052185902126197,
  "England": 0.09135403540354034,
  "Croatia": 0.02007341720041212,
  "Ghana": 0.0,
  "Panama": 0.0006766320404633299
 },
 "field": {
  "Mexico": 0.05217391304347826,
  "South Africa": 0.005217391304347826,
  "South Korea": 0.005217391304347826,
  "Czech Republic": 0.005217391304347826,
  "Canada": 0.005217391304347826,
  "Bosnia and Herzegovina": 0.005217391304347826,
  "Qatar": 0.005217391304347826,
  "Switzerland": 0.005217391304347826,
  "Brazil": 0.13043478260869565,
  "Morocco": 0.005217391304347826,
  "Haiti": 0.005217391304347826,
  "Scotland": 0.005217391304347826,
  "United States": 0.034782608695652174,
  "Paraguay": 0.005217391304347826,
  "Australia": 0.005217391304347826,
  "Turkey": 0.005217391304347826,
  "Germany": 0.043478260869565216,
  "Curaçao": 0.005217391304347826,
  "Ivory Coast": 0.005217391304347826,
  "Ecuador": 0.02608695652173913,
  "Netherlands": 0.02608695652173913,
  "Japan": 0.005217391304347826,
  "Sweden": 0.005217391304347826,
  "Tunisia": 0.005217391304347826,
  "Belgium": 0.005217391304347826,
  "Egypt": 0.005217391304347826,
  "Iran": 0.005217391304347826,
  "New Zealand": 0.005217391304347826,
  "Spain": 0.0782608695652174,
  "Cape Verde": 0.005217391304347826,
  "Saudi Arabia": 0.005217391304347826,
  "Uruguay": 0.034782608695652174,
  "France": 0.0782608695652174,
  "Senegal": 0.005217391304347826,
  "Iraq": 0.005217391304347826,
  "Norway": 0.005217391304347826,
  "Argentina": 0.1391304347826087,
  "Algeria": 0.005217391304347826,
  "Austria": 0.005217391304347826,
  "Jordan": 0.005217391304347826,
  "Portugal": 0.05217391304347826,
  "DR Congo": 0.005217391304347826,
  "Uzbekistan": 0.005217391304347826,
  "Colombia": 0.06086956521739131,
  "England": 0.06086956521739131,
  "Croatia": 0.005217391304347826,
  "Ghana": 0.005217391304347826,
  "Panama": 0.005217391304347826
 },
 "market_full": {
  "Mexico": 0.016193887610910285,
  "South Africa": 0.0,
  "South Korea": 0.0013808741373644432,
  "Czech Republic": 0.0015064081498521195,
  "Canada": 0.0032638843246795926,
  "Bosnia and Herzegovina": 0.0,
  "Qatar": 0.0,
  "Switzerland": 0.01832796582320079,
  "Brazil": 0.028998356884653305,
  "Morocco": 0.004644758462044036,
  "Haiti": 0.0,
  "Scotland": 0.0020085441998028263,
  "United States": 0.0003766020374630299,
  "Paraguay": 0.00640223463687151,
  "Australia": 0.0010042720999014132,
  "Turkey": 0.023851462372658564,
  "Germany": 0.03477292145908643,
  "Curaçao": 0.0,
  "Ivory Coast": 0.0003766020374630299,
  "Ecuador": 0.04443904042063753,
  "Netherlands": 0.023976996385146235,
  "Japan": 0.011800197173841604,
  "Sweden": 0.0003766020374630299,
  "Tunisia": 0.0,
  "Belgium": 0.01983437397305291,
  "Egypt": 0.00012553401248767665,
  "Iran": 0.002134078212290503,
  "New Zealand": 0.0,
  "Spain": 0.165,
  "Cape Verde": 0.0,
  "Saudi Arabia": 0.0,
  "Uruguay": 0.01305553729871837,
  "France": 0.165,
  "Senegal": 0.011046993098915546,
  "Iraq": 0.0,
  "Norway": 0.026989812684850477,
  "Argentina": 0.092,
  "Algeria": 0.0007532040749260598,
  "Austria": 0.004644758462044036,
  "Jordan": 0.0,
  "Portugal": 0.094,
  "DR Congo": 0.0,
  "Uzbekistan": 0.0003766020374630299,
  "Colombia": 0.05623923759447914,
  "England": 0.102,
  "Croatia": 0.022345054222806443,
  "Ghana": 0.0,
  "Panama": 0.0007532040749260598
 },
 "sim_ch": {
  "Mexico": 0.0129012901290129,
  "South Africa": 0.0,
  "South Korea": 0.0011001100110011003,
  "Czech Republic": 0.0012001200120012,
  "Canada": 0.0026002600260026003,
  "Bosnia and Herzegovina": 0.0,
  "Qatar": 0.0,
  "Switzerland": 0.014601460146014602,
  "Brazil": 0.0231023102310231,
  "Morocco": 0.0037003700370037006,
  "Haiti": 0.0,
  "Scotland": 0.0016001600160016002,
  "United States": 0.0003000300030003,
  "Paraguay": 0.005100510051005101,
  "Australia": 0.0008000800080008001,
  "Turkey": 0.019001900190019003,
  "Germany": 0.0277027702770277,
  "Curaçao": 0.0,
  "Ivory Coast": 0.0003000300030003,
  "Ecuador": 0.0354035403540354,
  "Netherlands": 0.0191019101910191,
  "Japan": 0.009400940094009401,
  "Sweden": 0.0003000300030003,
  "Tunisia": 0.0,
  "Belgium": 0.015801580158015804,
  "Egypt": 0.00010001000100010001,
  "Iran": 0.0017001700170017002,
  "New Zealand": 0.0,
  "Spain": 0.2757275727572757,
  "Cape Verde": 0.0,
  "Saudi Arabia": 0.0,
  "Uruguay": 0.010401040104010401,
  "France": 0.12831283128312831,
  "Senegal": 0.008800880088008802,
  "Iraq": 0.0,
  "Norway": 0.0215021502150215,
  "Argentina": 0.1621162116211621,
  "Algeria": 0.0006000600060006,
  "Austria": 0.0037003700370037006,
  "Jordan": 0.0,
  "Portugal": 0.048804880488048805,
  "DR Congo": 0.0,
  "Uzbekistan": 0.0003000300030003,
  "Colombia": 0.0448044804480448,
  "England": 0.0807080708070807,
  "Croatia": 0.0178017801780178,
  "Ghana": 0.0,
  "Panama": 0.0006000600060006
 }
}