{
 "market_leaning": {
  "Mexico": 0.014852397997798132,
  "South Africa": 0.0,
  "South Korea": 0.0016244810310091708,
  "Czech Republic": 0.001160343593577979,
  "Canada": 0.0026687902652293522,
  "Bosnia and Herzegovina": 0.0,
  "Qatar": 0.0,
  "Switzerland": 0.020073944168899037,
  "Brazil": 0.029124624198807278,
  "Morocco": 0.004989477452385311,
  "Haiti": 0.0,
  "Scotland": 0.0018565497497247665,
  "United States": 0.0006962061561467874,
  "Paraguay": 0.005105511811743109,
  "Australia": 0.0006962061561467874,
  "Turkey": 0.02146635648119261,
  "Germany": 0.02842841804266049,
  "Curaçao": 0.0,
  "Ivory Coast": 0.00023206871871559581,
  "Ecuador": 0.03423013601055038,
  "Netherlands": 0.024135146746421966,
  "Japan": 0.011951539013853183,
  "Sweden": 0.00046413743743119163,
  "Tunisia": 0.0,
  "Belgium": 0.020073944168899037,
  "Egypt": 0.00023206871871559581,
  "Iran": 0.0022046528277981604,
  "New Zealand": 0.0,
  "Spain": 0.2019505299470053,
  "Cape Verde": 0.0,
  "Saudi Arabia": 0.0,
  "Uruguay": 0.012531710810642173,
  "France": 0.15208051694830518,
  "Senegal": 0.010907229779633003,
  "Iraq": 0.0,
  "Norway": 0.02378704366834857,
  "Argentina": 0.11694928507149285,
  "Algeria": 0.001160343593577979,
  "Austria": 0.004989477452385311,
  "Jordan": 0.00011603435935779791,
  "Portugal": 0.07912319768023197,
  "DR Congo": 0.0,
  "Uzbekistan": 0.00023206871871559581,
  "Colombia": 0.05349183966394483,
  "England": 0.09436719328067193,
  "Croatia": 0.02146635648119261,
  "Ghana": 0.0,
  "Panama": 0.0005801717967889895
 },
 "even": {
  "Mexico": 0.014378472335534073,
  "South Africa": 0.0,
  "South Korea": 0.0015726454116990391,
  "Czech Republic": 0.0011233181512135993,
  "Canada": 0.0025836317477912784,
  "Bosnia and Herzegovina": 0.0,
  "Qatar": 0.0,
  "Switzerland": 0.01943340401599527,
  "Brazil": 0.028195285595461347,
  "Morocco": 0.004830268050218477,
  "Haiti": 0.0,
  "Scotland": 0.001797309041941759,
  "United States": 0.0006739908907281596,
  "Paraguay": 0.004942599865339837,
  "Australia": 0.0006739908907281596,
  "Turkey": 0.020781385797451583,
  "Germany": 0.027521294704733187,
  "Curaçao": 0.0,
  "Ivory Coast": 0.00022466363024271988,
  "Ecuador": 0.03313788546080118,
  "Netherlands": 0.023365017545242867,
  "Japan": 0.011570176957500074,
  "Sweden": 0.00044932726048543977,
  "Tunisia": 0.0,
  "Belgium": 0.01943340401599527,
  "Egypt": 0.00022466363024271988,
  "Iran": 0.0021343044873058385,
  "New Zealand": 0.0,
  "Spain": 0.21778647135286472,
  "Cape Verde": 0.0,
  "Saudi Arabia": 0.0,
  "Uruguay": 0.012131836033106871,
  "France": 0.14654359564043595,
  "Senegal": 0.010559190621407834,
  "Iraq": 0.0,
  "Norway": 0.023028022099878788,
  "Argentina": 0.12764183581641836,
  "Algeria": 0.0011233181512135993,
  "Austria": 0.004830268050218477,
  "Jordan": 0.00011233181512135994,
  "Portugal": 0.07274742525747425,
  "DR Congo": 0.0,
  "Uzbekistan": 0.00022466363024271988,
  "Colombia": 0.05178496677094693,
  "England": 0.09109599040095989,
  "Croatia": 0.020781385797451583,
  "Ghana": 0.0,
  "Panama": 0.0005616590756067996
 },
 "field": {
  "Mexico": 0.05217391304347826,
  "South Africa": 0.005217391304347826,
  "South Korea": 0.005217391304347826,
  "Czech Republic": 0.005217391304347826,
  "Canada": 0.005217391304347826,
  "Bosnia and Herzegovina": 0.005217391304347826,
  "Qatar": 0.005217391304347826,
  "Switzerland": 0.005217391304347826,
  "Brazil": 0.13043478260869565,
  "Morocco": 0.005217391304347826,
  "Haiti": 0.005217391304347826,
  "Scotland": 0.005217391304347826,
  "United States": 0.034782608695652174,
  "Paraguay": 0.005217391304347826,
  "Australia": 0.005217391304347826,
  "Turkey": 0.005217391304347826,
  "Germany": 0.043478260869565216,
  "Curaçao": 0.005217391304347826,
  "Ivory Coast": 0.005217391304347826,
  "Ecuador": 0.02608695652173913,
  "Netherlands": 0.02608695652173913,
  "Japan": 0.005217391304347826,
  "Sweden": 0.005217391304347826,
  "Tunisia": 0.005217391304347826,
  "Belgium": 0.005217391304347826,
  "Egypt": 0.005217391304347826,
  "Iran": 0.005217391304347826,
  "New Zealand": 0.005217391304347826,
  "Spain": 0.0782608695652174,
  "Cape Verde": 0.005217391304347826,
  "Saudi Arabia": 0.005217391304347826,
  "Uruguay": 0.034782608695652174,
  "France": 0.0782608695652174,
  "Senegal": 0.005217391304347826,
  "Iraq": 0.005217391304347826,
  "Norway": 0.005217391304347826,
  "Argentina": 0.1391304347826087,
  "Algeria": 0.005217391304347826,
  "Austria": 0.005217391304347826,
  "Jordan": 0.005217391304347826,
  "Portugal": 0.05217391304347826,
  "DR Congo": 0.005217391304347826,
  "Uzbekistan": 0.005217391304347826,
  "Colombia": 0.06086956521739131,
  "England": 0.06086956521739131,
  "Croatia": 0.005217391304347826,
  "Ghana": 0.005217391304347826,
  "Panama": 0.005217391304347826
 },
 "market_full": {
  "Mexico": 0.01595822454308094,
  "South Africa": 0.0,
  "South Korea": 0.001745430809399478,
  "Czech Republic": 0.0012467362924281984,
  "Canada": 0.0028674934725848567,
  "Bosnia and Herzegovina": 0.0,
  "Qatar": 0.0,
  "Switzerland": 0.021568537859007836,
  "Brazil": 0.03129308093994779,
  "Morocco": 0.005360966057441254,
  "Haiti": 0.0,
  "Scotland": 0.0019947780678851177,
  "United States": 0.0007480417754569191,
  "Paraguay": 0.005485639686684074,
  "Australia": 0.0007480417754569191,
  "Turkey": 0.02306462140992167,
  "Germany": 0.03054503916449087,
  "Curaçao": 0.0,
  "Ivory Coast": 0.0002493472584856397,
  "Ecuador": 0.03677872062663185,
  "Netherlands": 0.02593211488250653,
  "Japan": 0.012841383812010445,
  "Sweden": 0.0004986945169712794,
  "Tunisia": 0.0,
  "Belgium": 0.021568537859007836,
  "Egypt": 0.0002493472584856397,
  "Iran": 0.002368798955613577,
  "New Zealand": 0.0,
  "Spain": 0.165,
  "Cape Verde": 0.0,
  "Saudi Arabia": 0.0,
  "Uruguay": 0.013464751958224544,
  "France": 0.165,
  "Senegal": 0.011719321148825066,
  "Iraq": 0.0,
  "Norway": 0.025558093994778073,
  "Argentina": 0.092,
  "Algeria": 0.0012467362924281984,
  "Austria": 0.005360966057441254,
  "Jordan": 0.00012467362924281985,
  "Portugal": 0.094,
  "DR Congo": 0.0,
  "Uzbekistan": 0.0002493472584856397,
  "Colombia": 0.05747454308093995,
  "England": 0.102,
  "Croatia": 0.02306462140992167,
  "Ghana": 0.0,
  "Panama": 0.0006233681462140992
 },
 "sim_ch": {
  "Mexico": 0.012798720127987202,
  "South Africa": 0.0,
  "South Korea": 0.0013998600139986002,
  "Czech Republic": 0.000999900009999,
  "Canada": 0.0022997700229977,
  "Bosnia and Herzegovina": 0.0,
  "Qatar": 0.0,
  "Switzerland": 0.017298270172982702,
  "Brazil": 0.025097490250974904,
  "Morocco": 0.004299570042995701,
  "Haiti": 0.0,
  "Scotland": 0.0015998400159984002,
  "United States": 0.0005999400059994001,
  "Paraguay": 0.004399560043995601,
  "Australia": 0.0005999400059994001,
  "Turkey": 0.0184981501849815,
  "Germany": 0.024497550244975505,
  "Curaçao": 0.0,
  "Ivory Coast": 0.00019998000199980003,
  "Ecuador": 0.029497050294970503,
  "Netherlands": 0.0207979202079792,
  "Japan": 0.010298970102989701,
  "Sweden": 0.00039996000399960006,
  "Tunisia": 0.0,
  "Belgium": 0.017298270172982702,
  "Egypt": 0.00019998000199980003,
  "Iran": 0.0018998100189981002,
  "New Zealand": 0.0,
  "Spain": 0.27057294270572946,
  "Cape Verde": 0.0,
  "Saudi Arabia": 0.0,
  "Uruguay": 0.010798920107989201,
  "France": 0.1280871912808719,
  "Senegal": 0.0093990600939906,
  "Iraq": 0.0,
  "Norway": 0.020497950204979503,
  "Argentina": 0.16328367163283672,
  "Algeria": 0.000999900009999,
  "Austria": 0.004299570042995701,
  "Jordan": 9.999000099990002e-05,
  "Portugal": 0.0514948505149485,
  "DR Congo": 0.0,
  "Uzbekistan": 0.00019998000199980003,
  "Colombia": 0.04609539046095391,
  "England": 0.0801919808019198,
  "Croatia": 0.0184981501849815,
  "Ghana": 0.0,
  "Panama": 0.0004999500049995
 }
}